{
    "$schema": "http://json-schema.org/schema#",
    "type": "object",
    "required": [],
    "additionalProperties": false,
    "properties": {
        "cardImages": {
            "title": "Card Images",
            "type": "array",
            "items": {
                "$ref": "https:\/\/schemas.varius.io\/v1\/Image.json",
                "imageAspectRatio": 0.625,
                "default": {
                    "type": "image/png",
                    "ref": "https://resources.varius.io/system/defaults/views/DefaultStep2.png"
                }
            },
            "default": [
                {
                    "type": "image/png",
                    "ref": "https://resources.varius.io/system/defaults/views/DefaultStep2.png"
                }
            ]
        },
        "arrowType": {
            "title": "Arrow Type",
            "default": "circle-chevron",
            "type": "string",
            "oneOf": [
                {
                    "type": "string",
                    "const": "circle-chevron",
                    "title": "Circle with Chevron"
                },
                {
                    "type": "string",
                    "const": "chevron",
                    "title": "Chevron"
                }
            ]
        },
        "arrowWidth": {
            "title": "Width",
            "default": {
                "unit": "px",
                "value": 40
            },
            "accessoryTargetPointer": "\/designValues\/varius.placeholder:varius.io:card-v1\/config\/arrowType",
            "$ref": "https:\/\/schemas.varius.io\/v1\/Size.json"
        },
        "arrowColor": {
            "title": "Arrow Color",
            "default": {
                "r": 255,
                "b": 255,
                "g": 255,
                "a": 1
            },
            "accessoryTargetPointer": "\/designValues\/varius.placeholder:varius.io:card-v1\/config\/arrowType",
            "$ref": "https:\/\/schemas.varius.io\/v1\/Color.json"
        },
        "arrowNudge": {
            "title": "Nudge",
            "default": {
                "x": 0,
                "y": 98,
                "unit": "%"
            },
            "axis": "vertical",
            "accessoryTargetPointer": "\/designValues\/varius.placeholder:varius.io:card-v1\/config\/arrowType",
            "$ref": "https:\/\/schemas.varius.io\/v1\/Point.json"
        },
        "dotType": {
            "title": "Dots",
            "type": "string",
            "accessoryField": true
        },
        "dotNudge": {
            "title": "Nudge",
            "default": {
                "x": 0,
                "y": 98,
                "unit": "%"
            },
            "axis": "vertical",
            "accessoryTargetPointer": "\/designValues\/varius.placeholder:varius.io:card-v1\/config\/dotType",
            "$ref": "https:\/\/schemas.varius.io\/v1\/Point.json"
        },
        "dotColor": {
            "title": "Color",
            "default": {
                "r": 255,
                "b": 255,
                "g": 255,
                "a": 1
            },
            "accessoryTargetPointer": "\/designValues\/varius.placeholder:varius.io:card-v1\/config\/dotType",
            "$ref": "https:\/\/schemas.varius.io\/v1\/Color.json"
        },
        "button1": {
            "$ref": "https:\/\/schemas.varius.io\/v1\/ToggleField.json",
            "title": "First Page Button",
            "default": {
                "toggled": false,
                "text": "Open Map"
            }
        },
        "button2": {
            "$ref": "https:\/\/schemas.varius.io\/v1\/ToggleField.json",
            "title": "Last Page Button",
            "default": {
                "toggled": false,
                "text": "Close"
            }
        },
        "button3": {
            "$ref": "https:\/\/schemas.varius.io\/v1\/ToggleField.json",
            "title": "Optional Page Button",
            "default": {
                "toggled": false,
                "text": "Close"
            }
        },
        "button1Style": {
            "$ref": "https:\/\/schemas.varius.io\/v1\/Style.json",
            "title": "Button Style",
            "accessoryTargetPointer": "\/designValues\/varius.placeholder:varius.io:card-v1\/config\/button1",
            "default": {
                "font": {
                    "family": [
                        "BioRhyme",
                        "sans-seriff"
                    ],
                    "style": "normal",
                    "variant": "normal",
                    "stretch": "normal",
                    "weight": 400,
                    "effects": [],
                    "size": 1.0
                },
                "color": {
                    "r": 255,
                    "b": 255,
                    "g": 255,
                    "a": 1
                },
                "backgroundColor": {
                    "r": 0,
                    "b": 0,
                    "g": 0,
                    "a": 1
                },
                "width": {
                    "unit": "%",
                    "value": 70
                },
                "height": {
                    "unit": "%",
                    "value": 10
                },
                "padding": {
                    "unit": "px",
                    "value": 0
                },
                "borderRadius": {
                    "unit": "px",
                    "value": 8
                },
                "borderPosition": "none"
            }
        },
        "button2Style": {
            "$ref": "https:\/\/schemas.varius.io\/v1\/Style.json",
            "title": "Button Style",
            "accessoryTargetPointer": "\/designValues\/varius.placeholder:varius.io:card-v1\/config\/button2",
            "default": {
                "font": {
                    "family": [
                        "BioRhyme",
                        "sans-seriff"
                    ],
                    "style": "normal",
                    "variant": "normal",
                    "stretch": "normal",
                    "weight": 400,
                    "effects": [],
                    "size": 1.0
                },
                "color": {
                    "r": 255,
                    "b": 255,
                    "g": 255,
                    "a": 1
                },
                "backgroundColor": {
                    "r": 0,
                    "b": 0,
                    "g": 0,
                    "a": 1
                },
                "width": {
                    "unit": "%",
                    "value": 70
                },
                "height": {
                    "unit": "%",
                    "value": 10
                },
                "padding": {
                    "unit": "px",
                    "value": 0
                },
                "borderRadius": {
                    "unit": "px",
                    "value": 8
                },
                "borderPosition": "none"
            }
        },
        "button3Style": {
            "$ref": "https:\/\/schemas.varius.io\/v1\/Style.json",
            "title": "Button Style",
            "accessoryTargetPointer": "\/designValues\/varius.placeholder:varius.io:card-v1\/config\/button3",
            "default": {
                "font": {
                    "family": [
                        "BioRhyme",
                        "sans-seriff"
                    ],
                    "style": "normal",
                    "variant": "normal",
                    "stretch": "normal",
                    "weight": 400,
                    "effects": [],
                    "size": 1.0
                },
                "color": {
                    "r": 255,
                    "b": 255,
                    "g": 255,
                    "a": 1
                },
                "backgroundColor": {
                    "r": 0,
                    "b": 0,
                    "g": 0,
                    "a": 1
                },
                "width": {
                    "unit": "%",
                    "value": 70
                },
                "height": {
                    "unit": "%",
                    "value": 10
                },
                "padding": {
                    "unit": "px",
                    "value": 0
                },
                "borderRadius": {
                    "unit": "px",
                    "value": 8
                },
                "borderPosition": "none"
            }
        },
        "button1Nudge": {
            "title": "Nudge",
            "default": {
                "x": 0,
                "y": 5,
                "unit": "%"
            },
            "accessoryTargetPointer": "\/designValues\/varius.placeholder:varius.io:card-v1\/config\/button1",
            "$ref": "https:\/\/schemas.varius.io\/v1\/Point.json"
        },
        "button2Nudge": {
            "title": "Nudge",
            "default": {
                "x": 0,
                "y": 5,
                "unit": "%"
            },
            "accessoryTargetPointer": "\/designValues\/varius.placeholder:varius.io:card-v1\/config\/button2",
            "$ref": "https:\/\/schemas.varius.io\/v1\/Point.json"
        },
        "button3Nudge": {
            "title": "Nudge",
            "default": {
                "x": 0,
                "y": 5,
                "unit": "%"
            },
            "accessoryTargetPointer": "\/designValues\/varius.placeholder:varius.io:card-v1\/config\/button3",
            "$ref": "https:\/\/schemas.varius.io\/v1\/Point.json"
        },
        "button1Action": {
            "$ref": "https:\/\/schemas.varius.io\/v1\/SelectUserAction.json",
            "title": "Button Style",
            "accessoryTargetPointer": "\/designValues\/varius.placeholder:varius.io:card-v1\/config\/button1",
            "default": {
                "type": "openMap"
            }
        },
        "button2Action": {
            "$ref": "https:\/\/schemas.varius.io\/v1\/SelectUserAction.json",
            "title": "Button Style",
            "accessoryTargetPointer": "\/designValues\/varius.placeholder:varius.io:card-v1\/config\/button2",
            "default": {
                "type": "closeVatom"
            }
        },
        "button3Action": {
            "$ref": "https:\/\/schemas.varius.io\/v1\/SelectUserAction.json",
            "title": "Button Style",
            "accessoryTargetPointer": "\/designValues\/varius.placeholder:varius.io:card-v1\/config\/button3",
            "default": {
                "type": "closeVatom"
            }
        },
        "button3Page": {
            "title": "Optional Button Page #",
            "default": 1,
            "type": "number"
        }
    }
}